Profile,Post,Create Date,Likes,Comments,Views
utegalievtakezhan,https://www.instagram.com/p/DXj5VmkMOK5/,2026-05-13,184515,3315,3487392
utegalievtakezhan,https://www.instagram.com/p/DWeMYzSjF3R/,2026-05-13,161869,2421,2610860
utegalievtakezhan,https://www.instagram.com/p/DVDidirDNiB/,2026-05-13,117878,3143,2639758
utegalievtakezhan,https://www.instagram.com/p/DW1DDCRsoSt/,2026-05-13,80173,2278,929176
utegalievtakezhan,https://www.instagram.com/p/DVZWq19kTDL/,2026-05-13,73733,1457,701486
utegalievtakezhan,https://www.instagram.com/p/DVJ0ULhjP6s/,2026-05-13,72914,1878,733764
utegalievtakezhan,https://www.instagram.com/p/DWQqdYDjASb/,2026-05-13,69474,2760,1152058
utegalievtakezhan,https://www.instagram.com/p/DVLgHgqjNXe/,2026-05-13,47243,783,986832
utegalievtakezhan,https://www.instagram.com/p/DVBpoQTDyEu/,2026-05-13,34214,757,860994
utegalievtakezhan,https://www.instagram.com/p/DXeG9YgMcDv/,2026-05-13,34067,665,2314559
utegalievtakezhan,https://www.instagram.com/p/DWZfo2iDHvg/,2026-05-13,32266,1461,1488968
utegalievtakezhan,https://www.instagram.com/p/DX4Ejr4sCBj/,2026-05-13,31147,702,588008
utegalievtakezhan,https://www.instagram.com/p/DW8riq6MtMB/,2026-05-13,31040,1476,1129522
utegalievtakezhan,https://www.instagram.com/p/DWvv4u0jFV0/,2026-05-13,28811,537,620451
utegalievtakezhan,https://www.instagram.com/p/DXkZIz3s6el/,2026-05-13,25535,365,1886548
utegalievtakezhan,https://www.instagram.com/p/DXBqNiVMy9G/,2026-05-13,23805,352,662861
utegalievtakezhan,https://www.instagram.com/p/DX1zmleMGgR/,2026-05-13,19790,256,1317194
utegalievtakezhan,https://www.instagram.com/p/DWOip6uDDDQ/,2026-05-13,15864,417,345386
utegalievtakezhan,https://www.instagram.com/p/DXe9vfrMVeG/,2026-05-13,14452,1863,663546
utegalievtakezhan,https://www.instagram.com/p/DVd1yV8DANb/,2026-05-13,12203,231,307323
utegalievtakezhan,https://www.instagram.com/p/DU-qIxyDDy-/,2026-05-13,11185,188,315482
utegalievtakezhan,https://www.instagram.com/p/DWCEYWnDDeP/,2026-05-13,10871,1049,299707
utegalievtakezhan,https://www.instagram.com/p/DW8iuUSM5-Q/,2026-05-13,10568,214,193095
utegalievtakezhan,https://www.instagram.com/p/DXhG9gFsEwR/,2026-05-13,9357,116,145806
utegalievtakezhan,https://www.instagram.com/p/DYNn0XbMcCo/,2026-05-13,8756,107,409932
utegalievtakezhan,https://www.instagram.com/p/DWQxd6RjB6A/,2026-05-13,8703,446,134050
utegalievtakezhan,https://www.instagram.com/p/DWtFkM0DNUj/,2026-05-13,7073,341,291175
utegalievtakezhan,https://www.instagram.com/p/DXaILPmMiLd/,2026-05-13,6734,131,106162
utegalievtakezhan,https://www.instagram.com/p/DWRLNkQjJkS/,2026-05-13,6239,111,178260
utegalievtakezhan,https://www.instagram.com/p/DXrrlnSsrCK/,2026-05-13,5747,188,130942
utegalievtakezhan,https://www.instagram.com/p/DW5KY0vIkES/,2026-05-13,5537,100,120780
utegalievtakezhan,https://www.instagram.com/p/DX_9FSqNhUQ/,2026-05-13,5250,99,82809
utegalievtakezhan,https://www.instagram.com/p/DU-6COaDBb-/,2026-05-13,5216,102,132472
utegalievtakezhan,https://www.instagram.com/p/DVtEYIIjPTf/,2026-05-13,4848,114,188130
utegalievtakezhan,https://www.instagram.com/p/DVQNKc0jBUf/,2026-05-13,4845,220,100239
utegalievtakezhan,https://www.instagram.com/p/DYAc-kuMhJP/,2026-05-13,4420,81,117501
utegalievtakezhan,https://www.instagram.com/p/DVoK9VUDKWx/,2026-05-13,4119,86,134874
utegalievtakezhan,https://www.instagram.com/p/DX0y5r0MnuS/,2026-05-13,3997,92,125821
utegalievtakezhan,https://www.instagram.com/p/DVQwwZAjO7S/,2026-05-13,3895,113,77904
utegalievtakezhan,https://www.instagram.com/p/DXKi69pMRwT/,2026-05-13,3893,40,111708
utegalievtakezhan,https://www.instagram.com/p/DVfve-sDTGw/,2026-05-13,3703,45,103338
utegalievtakezhan,https://www.instagram.com/p/DVIJjp9DFUx/,2026-05-13,3662,47,163273
utegalievtakezhan,https://www.instagram.com/p/DW_g-_fMZb2/,2026-05-13,3479,67,117028
utegalievtakezhan,https://www.instagram.com/p/DU3ABkJjNeI/,2026-05-13,3337,116,106468
utegalievtakezhan,https://www.instagram.com/p/DVS_8JajChl/,2026-05-13,3329,86,95831
utegalievtakezhan,https://www.instagram.com/p/DWbE4EMjDX-/,2026-05-13,3147,95,88440
utegalievtakezhan,https://www.instagram.com/p/DVOtBh6DCqn/,2026-05-13,3087,200,189018
utegalievtakezhan,https://www.instagram.com/p/DWTV4wHExhL/,2026-05-13,2682,112,65355
utegalievtakezhan,https://www.instagram.com/p/DXsBwYbDJdC/,2026-05-13,2678,102,64589
utegalievtakezhan,https://www.instagram.com/p/DXMScbHM5_6/,2026-05-13,2676,137,147201
utegalievtakezhan,https://www.instagram.com/p/DWeavrTDBCx/,2026-05-13,2654,66,93935
utegalievtakezhan,https://www.instagram.com/p/DWdyH8NjK1s/,2026-05-13,2586,143,86333
utegalievtakezhan,https://www.instagram.com/p/DWQwasWjFBk/,2026-05-13,2554,87,80162
utegalievtakezhan,https://www.instagram.com/p/DVLlL0JDHMI/,2026-05-13,2460,67,89931
utegalievtakezhan,https://www.instagram.com/p/DWEb3AsDAfP/,2026-05-13,2452,129,66507
utegalievtakezhan,https://www.instagram.com/p/DVOyU5nDH6s/,2026-05-13,2231,59,67811
utegalievtakezhan,https://www.instagram.com/p/DX3-d4cM2g6/,2026-05-13,2106,88,56476
utegalievtakezhan,https://www.instagram.com/p/DVOxN7rDBTN/,2026-05-13,2034,31,60839
utegalievtakezhan,https://www.instagram.com/p/DVqx7-JDDkl/,2026-05-13,1945,50,75850
utegalievtakezhan,https://www.instagram.com/p/DXuZ6SjjCCc/,2026-05-13,1872,60,57036
utegalievtakezhan,https://www.instagram.com/p/DWBUMGJjPsD/,2026-05-13,1656,127,74911
utegalievtakezhan,https://www.instagram.com/p/DW3B7YgiJtA/,2026-05-13,1646,24,85465
utegalievtakezhan,https://www.instagram.com/p/DU-KAXLjEY_/,2026-05-13,1614,20,76594
utegalievtakezhan,https://www.instagram.com/p/DVqpkVKjBNO/,2026-05-13,1545,50,71645
utegalievtakezhan,https://www.instagram.com/p/DVT6mHYDO10/,2026-05-13,1491,91,83623
utegalievtakezhan,https://www.instagram.com/p/DVD97X1CNqb/,2026-05-13,1488,54,75049
utegalievtakezhan,https://www.instagram.com/p/DVlyCqYjZFY/,2026-05-13,1449,28,73515
utegalievtakezhan,https://www.instagram.com/p/DWT9XkkjFGU/,2026-05-13,1443,77,46908
utegalievtakezhan,https://www.instagram.com/p/DWL6UokjKrq/,2026-05-13,1396,59,65197
utegalievtakezhan,https://www.instagram.com/p/DVt6luhDnx0/,2026-05-13,1338,42,61783
utegalievtakezhan,https://www.instagram.com/p/DX6DeqtMFu4/,2026-05-13,1333,32,50068
utegalievtakezhan,https://www.instagram.com/p/DV_D3IIDFGO/,2026-05-13,1255,53,52216
utegalievtakezhan,https://www.instagram.com/p/DU8bcZ1DC2D/,2026-05-13,1246,14,80674
utegalievtakezhan,https://www.instagram.com/p/DU53nJfjGgg/,2026-05-13,1224,70,67132
utegalievtakezhan,https://www.instagram.com/p/DWmgKMdjKpn/,2026-05-13,1222,38,70103
utegalievtakezhan,https://www.instagram.com/p/DVTUt4REnxH/,2026-05-13,1203,32,38640
utegalievtakezhan,https://www.instagram.com/p/DVvmEpgDIRS/,2026-05-13,1181,32,73929
utegalievtakezhan,https://www.instagram.com/p/DXostSnsUpT/,2026-05-13,1176,43,49485
utegalievtakezhan,https://www.instagram.com/p/DVQ3cEtDDhH/,2026-05-13,1172,40,54379
utegalievtakezhan,https://www.instagram.com/p/DVywAACjNjK/,2026-05-13,1168,64,68197
utegalievtakezhan,https://www.instagram.com/p/DXUnjWEsaPO/,2026-05-13,1140,19,63426
utegalievtakezhan,https://www.instagram.com/p/DV8RXl7RBer/,2026-05-13,1101,47,81919
utegalievtakezhan,https://www.instagram.com/p/DWGjBnmjHzu/,2026-05-13,1100,60,60486
utegalievtakezhan,https://www.instagram.com/p/DVmADGHDOjn/,2026-05-13,976,17,60637
utegalievtakezhan,https://www.instagram.com/p/DU8EigDDCvL/,2026-05-13,972,42,90606
utegalievtakezhan,https://www.instagram.com/p/DYDFFdxMZBN/,2026-05-13,967,37,33373
utegalievtakezhan,https://www.instagram.com/p/DVGYByUDFU6/,2026-05-13,939,14,47315
utegalievtakezhan,https://www.instagram.com/p/DWbPM4ejFYT/,2026-05-13,905,25,65162
utegalievtakezhan,https://www.instagram.com/p/DViwBZDDKgF/,2026-05-13,875,44,58511
utegalievtakezhan,https://www.instagram.com/p/DVip79tDAoh/,2026-05-13,873,36,49509
utegalievtakezhan,https://www.instagram.com/p/DU6EwYwCAtA/,2026-05-13,840,74,63287
utegalievtakezhan,https://www.instagram.com/p/DVf5ZrLjJ3E/,2026-05-13,838,38,54510
utegalievtakezhan,https://www.instagram.com/p/DVG92rGCh3s/,2026-05-13,826,22,50550
utegalievtakezhan,https://www.instagram.com/p/DVVcpEnjPvd/,2026-05-13,820,27,46462
utegalievtakezhan,https://www.instagram.com/p/DXH2D8Os-nw/,2026-05-13,801,39,59741
utegalievtakezhan,https://www.instagram.com/p/DWOH74MjBks/,2026-05-13,787,15,51201
utegalievtakezhan,https://www.instagram.com/p/DVGEMwCDPfw/,2026-05-13,775,42,62681
utegalievtakezhan,https://www.instagram.com/p/DWrPMebjDws/,2026-05-13,771,31,64762
utegalievtakezhan,https://www.instagram.com/p/DWPm9lvDCJv/,2026-05-13,767,37,41013
utegalievtakezhan,https://www.instagram.com/p/DYCTeoEMYRN/,2026-05-13,707,29,31123
utegalievtakezhan,https://www.instagram.com/p/DU-Q2etjMOw/,2026-05-13,706,32,71071
utegalievtakezhan,https://www.instagram.com/p/DWx7tQvDfqX/,2026-05-13,688,27,61594
utegalievtakezhan,https://www.instagram.com/p/DW9Hb97M8iN/,2026-05-13,678,20,59713
utegalievtakezhan,https://www.instagram.com/p/DYC2qdfswG3/,2026-05-13,661,28,30440
utegalievtakezhan,https://www.instagram.com/p/DXPRlh9DPkh/,2026-05-13,653,13,30749
utegalievtakezhan,https://www.instagram.com/p/DXO4vJHMEgL/,2026-05-13,642,74,44862
utegalievtakezhan,https://www.instagram.com/p/DYG-dELsZga/,2026-05-13,637,35,30039
utegalievtakezhan,https://www.instagram.com/p/DVVu84gjJO8/,2026-05-13,628,68,54851
utegalievtakezhan,https://www.instagram.com/p/DW8QJ5JDZVa/,2026-05-13,620,14,43554
utegalievtakezhan,https://www.instagram.com/p/DVPHfPoDIqD/,2026-05-13,593,12,47364
utegalievtakezhan,https://www.instagram.com/p/DWL-KOLjBBB/,2026-05-13,585,36,39973
utegalievtakezhan,https://www.instagram.com/p/DU2EP6gjNwl/,2026-05-13,582,18,61640
utegalievtakezhan,https://www.instagram.com/p/DXEcbydsqb4/,2026-05-13,580,32,47159
utegalievtakezhan,https://www.instagram.com/p/DWYaOa0DO7O/,2026-05-13,578,14,39508
utegalievtakezhan,https://www.instagram.com/p/DX9o_GcsEVM/,2026-05-13,572,26,43969
utegalievtakezhan,https://www.instagram.com/p/DVNWBO2DCf5/,2026-05-13,563,19,38730
utegalievtakezhan,https://www.instagram.com/p/DVZGYNXiOWy/,2026-05-13,549,12,48584
utegalievtakezhan,https://www.instagram.com/p/DVW0CyUjHty/,2026-05-13,549,24,46195
utegalievtakezhan,https://www.instagram.com/p/DWuAF9bDFpI/,2026-05-13,546,15,64441
utegalievtakezhan,https://www.instagram.com/p/DX-Qx9uMxhx/,2026-05-13,535,18,20479
utegalievtakezhan,https://www.instagram.com/p/DVGm-JFDM0w/,2026-05-13,532,20,51313
utegalievtakezhan,https://www.instagram.com/p/DYQDawgsTAs/,2026-05-13,523,24,13920
utegalievtakezhan,https://www.instagram.com/p/DW_l7RrMANi/,2026-05-13,523,34,50191
utegalievtakezhan,https://www.instagram.com/p/DXW2ztVsX1G/,2026-05-13,515,16,46108
utegalievtakezhan,https://www.instagram.com/p/DU7DtWQjR56/,2026-05-13,515,19,47272
utegalievtakezhan,https://www.instagram.com/p/DWCTd9mDdbZ/,2026-05-13,513,23,32764
utegalievtakezhan,https://www.instagram.com/p/DVlnbKKDLFR/,2026-05-13,508,26,44741
utegalievtakezhan,https://www.instagram.com/p/DU7xDAYDPIU/,2026-05-13,499,17,60206
utegalievtakezhan,https://www.instagram.com/p/DWEjCXYjL6d/,2026-05-13,498,40,38288
utegalievtakezhan,https://www.instagram.com/p/DVgfqBxjDf8/,2026-05-13,498,30,43235
utegalievtakezhan,https://www.instagram.com/p/DV8lFXVjHmI/,2026-05-13,468,18,45931
utegalievtakezhan,https://www.instagram.com/p/DXrZd7Usjti/,2026-05-13,467,21,29880
utegalievtakezhan,https://www.instagram.com/p/DVZj_sBDBFa/,2026-05-13,460,8,48006
utegalievtakezhan,https://www.instagram.com/p/DVrTENcjEYa/,2026-05-13,456,22,53610
utegalievtakezhan,https://www.instagram.com/p/DXPk1_RszGD/,2026-05-13,445,12,39803
utegalievtakezhan,https://www.instagram.com/p/DWolOm7DOSO/,2026-05-13,441,25,59091
utegalievtakezhan,https://www.instagram.com/p/DVYrFgKDFQ3/,2026-05-13,439,17,45546
utegalievtakezhan,https://www.instagram.com/p/DXuLsd7DU9M/,2026-05-13,433,11,27708
utegalievtakezhan,https://www.instagram.com/p/DXjz4RbsCBw/,2026-05-13,432,11,40068
utegalievtakezhan,https://www.instagram.com/p/DX1Xtxest9d/,2026-05-13,429,21,31880
utegalievtakezhan,https://www.instagram.com/p/DWZhg0vDK6-/,2026-05-13,428,24,53562
utegalievtakezhan,https://www.instagram.com/p/DVgJ5MmjGYn/,2026-05-13,425,23,45622
utegalievtakezhan,https://www.instagram.com/p/DW8edEPMbAt/,2026-05-13,415,24,127176
utegalievtakezhan,https://www.instagram.com/p/DU7kXvljSzr/,2026-05-13,415,17,56249
utegalievtakezhan,https://www.instagram.com/p/DWa_WIpDJOb/,2026-05-13,407,24,50648
utegalievtakezhan,https://www.instagram.com/p/DW4bwbbM3Kf/,2026-05-13,393,15,45930
utegalievtakezhan,https://www.instagram.com/p/DWvtkI_jbOb/,2026-05-13,382,10,41838
utegalievtakezhan,https://www.instagram.com/p/DVEpaDMjW-i/,2026-05-13,379,1,41131
utegalievtakezhan,https://www.instagram.com/p/DVOHSDADAZB/,2026-05-13,352,18,35248
utegalievtakezhan,https://www.instagram.com/p/DVS3BtrDPQF/,2026-05-13,350,10,40550
utegalievtakezhan,https://www.instagram.com/p/DU05OGzDIrw/,2026-05-13,343,11,47178
utegalievtakezhan,https://www.instagram.com/p/DVnh3vIDvKI/,2026-05-13,332,10,40500
utegalievtakezhan,https://www.instagram.com/p/DXWUrzJM3wG/,2026-05-13,330,27,38710
utegalievtakezhan,https://www.instagram.com/p/DVjH2wpDNdV/,2026-05-13,326,13,42312
utegalievtakezhan,https://www.instagram.com/p/DWXpBhFiBBB/,2026-05-13,317,3,35031
utegalievtakezhan,https://www.instagram.com/p/DV5X3d-jM_R/,2026-05-13,316,7,32862
utegalievtakezhan,https://www.instagram.com/p/DVeKbR9CIsy/,2026-05-13,307,3,43324
utegalievtakezhan,https://www.instagram.com/p/DX64AAWzb-H/,2026-05-13,306,17,27067
utegalievtakezhan,https://www.instagram.com/p/DVo6dTrDIa2/,2026-05-13,303,10,48621
utegalievtakezhan,https://www.instagram.com/p/DXFY6FOsfMq/,2026-05-13,300,20,48902
utegalievtakezhan,https://www.instagram.com/p/DXAc_2gjYrs/,2026-05-13,298,10,34786
utegalievtakezhan,https://www.instagram.com/p/DVdgY6yjD84/,2026-05-13,291,19,42337
utegalievtakezhan,https://www.instagram.com/p/DVbbMRsDH8W/,2026-05-13,290,9,44986
utegalievtakezhan,https://www.instagram.com/p/DX4Mco5MNZU/,2026-05-13,288,22,27269
utegalievtakezhan,https://www.instagram.com/p/DXbfK_niky_/,2026-05-13,287,6,31438
utegalievtakezhan,https://www.instagram.com/p/DVi8rKYDBNu/,2026-05-13,273,12,41360
utegalievtakezhan,https://www.instagram.com/p/DXRWHUchrM6/,2026-05-13,268,25,39409
utegalievtakezhan,https://www.instagram.com/p/DVWaQzdjFBX/,2026-05-13,264,10,27665
utegalievtakezhan,https://www.instagram.com/p/DWY53qyDBF_/,2026-05-13,260,14,43259
utegalievtakezhan,https://www.instagram.com/p/DXo7bOYsDzI/,2026-05-13,254,23,36054
utegalievtakezhan,https://www.instagram.com/p/DVWUts5AjA8/,2026-05-13,235,6,29240
utegalievtakezhan,https://www.instagram.com/p/DYPHYFksV3e/,2026-05-13,230,22,10911
utegalievtakezhan,https://www.instagram.com/p/DVHFYIPDGcH/,2026-05-13,228,9,59140
utegalievtakezhan,https://www.instagram.com/p/DVF1zudjLd7/,2026-05-13,228,13,49432
utegalievtakezhan,https://www.instagram.com/p/DWk5jETud7B/,2026-05-13,207,14,43849
utegalievtakezhan,https://www.instagram.com/p/DVWAxIYCJeN/,2026-05-13,198,5,34955
utegalievtakezhan,https://www.instagram.com/p/DXYxHDatz4N/,2026-05-13,187,8,30580
utegalievtakezhan,https://www.instagram.com/p/DXhzt6fskXK/,2026-05-13,185,6,31263
utegalievtakezhan,https://www.instagram.com/p/DVUEyuJjN-L/,2026-05-13,181,2,38236
utegalievtakezhan,https://www.instagram.com/p/DXE32MCstWL/,2026-05-13,175,5,34639
utegalievtakezhan,https://www.instagram.com/p/DVYZlBuDPej/,2026-05-13,175,7,40872
utegalievtakezhan,https://www.instagram.com/p/DYM3VGAFILN/,2026-05-13,171,17,12185
utegalievtakezhan,https://www.instagram.com/p/DVAed8ciHr_/,2026-05-13,169,8,49512
utegalievtakezhan,https://www.instagram.com/p/DWqDCdMuOgi/,2026-05-13,161,22,47274
utegalievtakezhan,https://www.instagram.com/p/DX013LSsoHA/,2026-05-13,151,4,20493
utegalievtakezhan,https://www.instagram.com/p/DVIM7RKiGAq/,2026-05-13,148,5,42347
utegalievtakezhan,https://www.instagram.com/p/DYHF8YsMcWV/,2026-05-13,147,14,13800
utegalievtakezhan,https://www.instagram.com/p/DVFoIThCBW2/,2026-05-13,147,11,36776
utegalievtakezhan,https://www.instagram.com/p/DU8WYGwDNNa/,2026-05-13,147,3,49269
utegalievtakezhan,https://www.instagram.com/p/DYHI0TOsFzQ/,2026-05-13,141,18,15576
utegalievtakezhan,https://www.instagram.com/p/DYDGpSxMvUn/,2026-05-13,140,12,19152
utegalievtakezhan,https://www.instagram.com/p/DYOykejMbAJ/,2026-05-13,135,8,9766
utegalievtakezhan,https://www.instagram.com/p/DXCnjoHiOA1/,2026-05-13,132,5,34845
utegalievtakezhan,https://www.instagram.com/p/DX37ALtPl0x/,2026-05-13,126,4,19512
utegalievtakezhan,https://www.instagram.com/p/DVmBevjDLby/,2026-05-13,126,4,36523
utegalievtakezhan,https://www.instagram.com/p/DWV-V4QiL1V/,2026-05-13,122,17,29406
utegalievtakezhan,https://www.instagram.com/p/DWTFrF5OE1H/,2026-05-13,118,19,27725
utegalievtakezhan,https://www.instagram.com/p/DVGE_-fDG1x/,2026-05-13,118,9,48252
utegalievtakezhan,https://www.instagram.com/p/DWBVQs2jLQ0/,2026-05-13,107,2,30953
utegalievtakezhan,https://www.instagram.com/p/DXdjCDWuISy/,2026-05-13,100,5,29276
utegalievtakezhan,https://www.instagram.com/p/DXxDciRPAKM/,2026-05-13,97,5,18951
utegalievtakezhan,https://www.instagram.com/p/DX-QTTHsSmk/,2026-05-13,92,2,18514
utegalievtakezhan,https://www.instagram.com/p/DXjIC0ZOcg0/,2026-05-13,92,4,27587
utegalievtakezhan,https://www.instagram.com/p/DXhJHZ4s1MS/,2026-05-13,91,4,27315
utegalievtakezhan,https://www.instagram.com/p/DXt2LldDAcW/,2026-05-13,88,8,21013
utegalievtakezhan,https://www.instagram.com/p/DYL5ZkCuoWk/,2026-05-13,82,11,8577
utegalievtakezhan,https://www.instagram.com/p/DX_PHSJuNZ3/,2026-05-13,68,7,17016
utegalievtakezhan,https://www.instagram.com/p/DYFc2gSMHmu/,2026-05-13,47,7,12258
utegalievtakezhan,https://www.instagram.com/p/DX1RIp0MXsy/,2026-05-13,3,8,23674
utegalievtakezhan,https://www.instagram.com/p/DXy5LFNsPoG/,2026-05-13,3,6,19005
utegalievtakezhan,https://www.instagram.com/p/DW6VGquk1h6/,2026-05-13,3,22,23822
utegalievtakezhan,https://www.instagram.com/p/DVtm_x_jUlz/,2026-05-13,3,12,49491
utegalievtakezhan,https://www.instagram.com/p/DVrB4uJjIJD/,2026-05-13,3,13,60949
utegalievtakezhan,https://www.instagram.com/p/DVddkRiDMrM/,2026-05-13,3,25,35956
utegalievtakezhan,https://www.instagram.com/p/DVF_PTaiFHG/,2026-05-13,3,45,80609
utegalievtakezhan,https://www.instagram.com/p/DU47FobDZEX/,2026-05-13,3,122,202698